year,mean_pres_approval_num,mean_pres_polling_margin,pres_approval_margin_change,pres_approval_margin_change_pct,natl_genericpoll_mean_pct_dem,natl_genericpoll_mean_pct_rep,natl_genericpoll_mean_dem_margin,rdi_change_pct,natl_majorvote_pct_dem,natl_majorvote_margin_dem,genericpoll_actualvote_diff_dem,seats_won_dem,midterm_year,incumb_district,incumb_running_count,incumb_running_prop
1942,73.33333333333333,56,-4,-6.896551724137931,NA,NA,NA,NA,NA,NA,NA,NA,NA,NA,NA,NA
1946,31.333333333333332,-21.666666666666668,NA,NA,NA,NA,NA,NA,NA,NA,NA,NA,NA,NA,NA,NA
1950,38,-5,NA,NA,NA,NA,NA,NA,NA,NA,NA,NA,NA,Incumbent Running,272,83.6923076923077
1952,31.333333333333332,-23.666666666666668,NA,NA,NA,NA,NA,NA,NA,NA,NA,NA,NA,Incumbent Running,247,74.62235649546828
1954,63.166666666666664,41.166666666666664,-4.5,-10.227272727272728,NA,NA,NA,NA,NA,NA,NA,NA,NA,Incumbent Running,293,86.94362017804154
1956,70.5,54,12,25,NA,NA,NA,NA,NA,NA,NA,NA,NA,Incumbent Running,311,88.85714285714286
1958,54.666666666666664,27.5,-8,-26.666666666666668,NA,NA,NA,NA,NA,NA,NA,NA,NA,Incumbent Running,271,83.12883435582822
1960,60.166666666666664,33.333333333333336,-1.5,-4.225352112676056,55.5,37.5,18,0.337630448,54.35,8.7,1.15,262,pres,Incumbent Running,272,78.61271676300578
1962,65.25,45.75,11,22.916666666666664,56,40,16,1.40805179,52.87,5.74,3.13,258,midterm,Incumbent Running,285,78.2967032967033
1964,68,50,NA,NA,59,31.5,27.5,2.820250201,57.27,14.54,1.73,295,pres,Incumbent Running,278,72.77486910994764
1966,46.6,8.2,2.5,23.809523809523807,51.8,40.6,11.2,2.844674847,50.86,1.72,0.94,248,midterm,Incumbent Running,277,75.06775067750678
1968,39.333333333333336,-9.333333333333334,17,94.44444444444444,47,43.66666667,3.333333333,1.531388997,50.92,1.84,-3.92,243,pres,Incumbent Running,286,74.67362924281984
1970,54.833333333333336,25.333333333333332,4,17.391304347826086,52,38,14,0.945320251,54.22,8.44,-2.22,255,midterm,Incumbent Running,293,78.76344086021506
1972,62,34,NA,NA,48,39,9,6.895224409,52.82,5.64,-4.82,242,pres,Incumbent Running,295,77.42782152230971
1974,51.125,22.5,3,24,57,29.6,27.4,-0.363271354,58.57,17.14,-1.57,291,midterm,Incumbent Running,322,85.63829787234043
1978,44.125,5.375,18.666666666666668,1120,49.375,31,18.375,1.259234385,54.31,8.62,-4.935,277,midterm,Incumbent Running,309,83.51351351351352
1980,33.333333333333336,-21.333333333333332,-3,-13.636363636363635,45,36,9,2.231187222,51.28,2.56,-6.28,242,pres,Incumbent Running,339,88.05194805194805
1982,41.285714285714285,-5.285714285714286,2,33.33333333333333,52,38.6,13.4,0.302883215,56.15,12.3,-4.15,269,midterm,Incumbent Running,313,82.8042328042328
1984,56.166666666666664,21.833333333333332,16,106.66666666666667,45.17647059,39.64705882,5.529411765,2.417980401,52.72,5.44,-7.543529412,253,pres,Incumbent Running,338,91.59891598915989
1986,63,35.666666666666664,NA,NA,47.66666667,39.83333333,7.833333333,0.796385761,55.19,10.38,-7.523333333,258,midterm,Incumbent Running,322,88.95027624309392
1988,54.5,18.5,NA,NA,44,37.5,6.5,1.983942466,54,8,-10,260,pres,Incumbent Running,326,91.06145251396647
1990,64.22727272727272,39.63636363636364,-31.964285714285715,-59.50797872340425,46.58333333,39.25,7.333333333,-1.101163962,54.09,8.18,-7.506666667,267,midterm,Incumbent Running,317,89.54802259887006
1992,36,-19.125,18,81.81818181818183,47.54545455,37.09090909,10.45454545,0.24884365,52.86,5.72,-5.314545455,258,pres,Incumbent Running,309,77.44360902255639
1994,42.4,-7.2,5.5,64.70588235294117,42.6,42.45,0.15,2.600303211,46.41,-7.18,-3.81,204,midterm,Incumbent Running,331,85.08997429305913
1996,55.714285714285715,19.857142857142858,7.333333333333334,46.80851063829788,47.57446809,41.10638298,6.468085106,2.386407026,50.16,0.32,-2.585531915,207,pres,Incumbent Running,353,86.51960784313727
1998,63.05263157894737,31.157894736842106,3.833333333333332,12.43243243243243,45.44897959,44.36734694,1.081632653,2.350959764,49.39,-1.22,-3.941020408,211,midterm,Incumbent Running,299,87.94117647058823
2000,60,25,5.666666666666668,22.368421052631586,42.47169811,41,1.471698113,1.799207201,49.77,-0.46,-7.298301887,212,pres,Incumbent Running,339,91.37466307277629
2002,65.91666666666667,38.416666666666664,1,2.631578947368421,45.05454545,43.63636364,1.418181818,0.792104921,47.45,-5.1,-2.395454545,204,midterm,Incumbent Running,304,85.63380281690141
2004,50,3.916666666666667,4.5,100,43.9,45.96666667,-2.066666667,0.985226337,48.63,-2.74,-4.73,202,pres,Incumbent Running,336,90.32258064516128
2006,38.22222222222222,-18.666666666666668,-6.5,-38.23529411764706,51.41666667,37.88541667,13.53125,1.6370005,54.09,8.18,-2.673333333,233,midterm,Incumbent Running,344,90.52631578947368
2008,28.5,-38.6,-8.166666666666664,-25.12820512820512,NA,NA,NA,NA,NA,NA,NA,NA,NA,Incumbent Running,341,89.9736147757256
2010,44.78813559322034,-2.8983050847457634,2.6033452807646356,55.65772669220945,43.02222222,47.84444444,-4.822222222,1.713653011,46.53,-6.94,-3.507777778,193,midterm,Incumbent Running,351,89.54081632653062
2012,48.62280701754386,3.552631578947386,11.98014888337469,412.64957264957263,45.3,45.35,-0.05,1.730439383,50.61,1.22,-5.31,200,pres,Incumbent Running,331,84.87179487179488
2014,41.7008547008547,-11.17094017094017,-0.5689655172413772,-5.418719211822641,43.70588235,45.47058824,-1.764705882,2.876374102,47.09,-5.82,-3.384117647,188,midterm,Incumbent Running,315,87.74373259052925
2016,53.0603448275862,9.66379310344828,7.077777777777776,100.63191153238544,45.71875,42.03125,3.6875,1.094396279,49.5,-1,-3.78125,194,pres,Incumbent Running,327,87.90322580645162
2018,40.8235294117647,-13.235294117647058,-2.75,-20.754716981132077,48.41025641,41.28205128,7.128205128,1.502263069,54.35,8.7,-5.93974359,235,midterm,Incumbent Running,332,84.05063291139241
2020,44,-10.125,1,7.6923076923076925,49.66666667,42.26666667,7.4,-10.76675609,51.5,3,-1.833333333,222,pres,Incumbent Running,361,88.6977886977887
